Bvets Motor Noise Table 0.01,,,,,,,,,,,,,,,,,,,,,,,
#,,,,,,,,,,,,,,,,,,,,,,,
0,1,,1,1,,0,0,0,0,0,0,0,0,1.65,1,1,0,0,0,0,0,0,1
0.2,,,1,,,,,,,,,,,,,,,,,,,,
0.4,,,1,,,,,,,,,,,,,,,,,,,,
0.6,,,1,,,,,,,,,,,,,,,,,,,,
0.8,,,1,,,,,,,,,,,,,,,,,,,,
1,,,1,,,,,,,,,,,,,,,,,,,,
1.2,,,1,,,,,,,,,,,,,,,,,,,,
1.4,,,1,,,,,,,,,,,,,,,,,,,,
1.6,,,1,,,,,,,,,,,,,,,,,,,,
1.8,,,1,,,,,,,,,,,,,,,,,,,,
2,,,1,,,,,,,,,,,,,,,,,,,,
2.2,,,1,,,,,,,,,,,,,,,,,,,,
2.4,,,1,,,,,,,,,,,,,,,,,,,,
2.6,,,1,,,,,,,,,,,,,,,,,,,,
2.8,,,1,,,,,,,,,,,,,,,,,,,,
3,,,1,,,,,,,,,,,,,,,,,,,,
3.2,,,1,,,,,,,,,,,,,,,,,,,,
3.4,,,1,,,,,,,,,,,,,,,,,,,,
3.6,,,1,,,,,,,,,,,,,,,,,,,,
3.8,,,1,,,,,,,,,,,,,,,,,,,,
4,,,1,,,,,,,,,,,,,,,,,,,,
4.2,,,1,,,,,,,,,,,,,,,,,,,,
4.4,,,1,,,,,,,,,,,,,,,,,,,,
4.6,,1,1,,,,,,,,,,,,,,,,,,,,
4.8,,1,1,,,,,,,,,,,,,,,,,,,,
5,,1,1,,,,,,,,,,,,,,,,,,,,
5.2,,1,1,,,,,,,,,,,,,,,,,,,,
5.4,,1,1,,,,,,,,,,,,,,,,,,,,
5.6,,1,1,,,,,,,,,,,,,,,,,,,,
5.8,,1,1,,,,,,,,,,,,,,,,,,,,
6,,1,1,,,,,,,,,,,,,,,,,,,,
6.2,,1,1,,,,,,,,,,,,,,,,,,,,
6.4,,1,1,,,,,,,,,,,,,,,,,,,,
6.6,,1,1,,,,,,,,,,,,,,,,,,,,
6.8,,1,1,,,,,,,,,,,,,,,,,,,,
7,,1,1,,,,,,,,,,,,,,,,,,,,
7.2,,1,1,,,,,,,,,,,,,,,,,,,,
7.4,,1,1,,,,,,,,,,,,,,,,,,,,
7.6,,1,1,,,,,,,,,,,,,,,,,,,,
7.8,,1,1,,,,,,,,,,,,,,,,,,,,
8,,1,1,,,,,,,,,,,,,,,,,,,,
8.2,,1,1,,,,,,,,,,,,,,,,,,,,
8.400001,,1,1,,,,,,,,,,,,,,,,,,,,
8.6,,1,1,,,,,,,,,,,,,,,,,,,,
8.8,,1,1,,,,,,,,,,,,,,,,,,,,
9,,1,1,,,,,,,,,,,,,,,,,,,,
9.2,,1,1,,,,,,,,,,,,,,,,,,,,
9.400001,,1,1,,,,,,,,,,,,,,,,,,,,
9.6,,1,1,,,,,,,,,,,,,,,,,,,,
9.8,,1,1,,,,,,,,,,,,,,,,,,,,
10,,1,1,,,,,,,,,,,,,,,,,,,,
10.2,,1,1,,,,,,,,,,,,,,,,,,,,
10.4,,1,1,,,,,,,,,,,,,,,,,,,,
10.6,,1,1,,,,,,,,,,,,,,,,,,,,
10.8,,1,1,,,,,1,,,,,,,,,,,,,,,
11,,1,1,,,,,,,,,,,,,,,,,,,,
11.2,,1,1,,,,,,,,,,,,,,,,,,,,
11.4,,1,1,,,,,,,,,,,,,,,,,,,,
11.6,,1,1,,,,,,,,,,,,,,,1,,,,,
11.8,,1,1,,,,,,,,,,,,,,,,,,,,
12,,1,1,,,,,,,,,,,,,,,,,,,,
12.2,,1,1,,,,,,,,,,,,,,,,,,,,
12.4,,1,1,,,,,,,,,,,,,,,,,,,,
12.6,,1,1,,,,,,,,,,,,,,,,,,,,
12.8,,1,1,,,,,,,,,,,,,,,,,,,,
13,,1,1,,,,,,,,,,,,,,,,,,,,
13.2,,1,1,,,,,,,,,,,,,,,,,,,,
13.4,,1,1,,,,,,,,,,,,,,,,,,,,
13.6,,1,1,,,,,,,,,,,,,,,,,,,,
13.8,,1,1,,,,,,,,,,,,,,,,,,,,
14,,1,1,,,,,,,,,,,,,,,,,,,,
14.2,,1,1,,,,,,,,,,,,,,,,,,,,
14.4,,1,1,,,,,,,,,,,,,,,,,,,,
14.6,,1,1,,,,,,,,,,,,,,,,,,,,
14.8,,1,1,,,,,,,,,,,,,,,,,,,,
15,,1,1,,,,,,,,,,,,,,,,,,,,
15.2,,1,1,,,,,,,,,,,,,,,,,,,,
15.4,,1,1,,,,,,,,,,,,,,,,,,,,
15.6,,1,1,,,,,,,,,,,,,,,,,,,,
15.8,,1,1,,,,,,,1,,,,,,,,,,,,,
16,,1,1,,,,,,,,,,,,,,,,,,,,
16.2,,1,1,,,,,,,,,,,,,,,,,,,,
16.4,,1,1,,,,,,,,,,,,,,,,,,,,
16.6,,1,1,,,,,,,,,,,,,,,,,,,,
16.8,,1,1,,,,,,,,,,,,,,,,,,,,
17,,1,1,,,,,,,,,,,,,,,,,,,,
17.2,,1,1,,,,,,,,,,,,,,,,,,,,
17.4,,1,1,,,,,,,,,,,,,,,,,,,,
17.6,,1,1,,,,,,,,,,,,,,,,,,,,
17.8,,1,1,,,,,,,,,,,,,,,,,,,,
18,,1,1,,,,,,,,,,,,,,,,,,,,
18.2,,1,1,,,,,,,,,,,,,,,,,,,,
18.4,,1,1,,,,,,,,,,,,,,,,,,,,
18.6,,1,1,,,,,,,,,,,,,,,,,,,,
18.8,,1,1,,,,,,,,,,,,,,,,,,,,
19,,1,1,,,,,,,,,,,,,,,,,,,,
19.2,,1,1,,,,,,,,,,,,,,,,,,,,
19.4,,1,1,,,,,,,,,,,,,,,,,,,,
19.6,,1,1,,,,,,,,,,,,,,,,,,,,
19.8,,1,1,,,,,,,,,,,,,,,,,,,,
20,,1,1,,,,,,,,,,,,,,,,,,,,
20.2,,1,1,,,,,,,,,,,,,,,,,,,,
20.4,,1,1,,,,,,,,,,,,,,,,,,,,
20.6,,1,1,,,,,,,,,,,,,,,,,,,,
20.8,,1,1,,,,,,,,,,,,,,,,,,,,
21,,1,1,,,,,,,,,,,,,,,,,,,,
21.2,,1,1,,,,,,,,,,,,,,,,,,,,
21.4,,1,1,,,,,,,,,,,,,,,,,,,,
21.6,,1,1,,,,,,,,,,,,,,,,,,,,
21.8,,1,1,,,,,,,,,,,,,,,,,,,,
22,,1,1,,,,,,,,,,,,,,,,,,,,
22.2,,1,1,,,,,,,,,,,,,,,,,,,,
22.4,,1,1,,,,,,,,,,,,,,,,,,,,
22.6,,1,1,,,,,,,,,,,,,,,,,,,,
22.8,,1,1,,,,,,,,,,,,,,,,,,,,
23,,1,1,,,,,,,,,,,,,,,,,,,,
23.2,,1,1,,,,,,,,,,,,,,,,,,,,
23.4,,1,1,,,,,,,,,,,,,,,,1,,,,
23.6,,1,1,,,,,,,,,,,,,,,,,,,,
23.8,,1,1,,,,,,,,,,,,,,,,,,,,
24,,1,1,,,,,,,,,,,,,,,,,,,,
24.2,,1,1,,,,,,,,,,,,,,,,,,,,
24.4,,1,1,,,,,,,,,,,,,,,,,,,,
24.6,,1,1,,,,,,,,,,,,,,,,,,,,
24.8,,1,1,,,,,,,,,,,,,,,,,,,,
25,,1,1,,,,,,,,,,,,,,,,,,,,
25.2,,1,1,,,,,,,,,,,,,,,,,,,,
25.4,,1,1,,,,,,,,,,,,,,,,,,,,
25.6,,1,1,,,,,,,,,,,,,,,,,,,,
25.8,,1,1,,,,,,,,,,,,,,,,,,,,
26,,1,1,,,,,,,,,,,,,,,,,,,,
26.2,,1,1,,,,,,,,,,,,,,,,,,,,
26.4,,1,1,,,,,,,,1,,,,,,,,,,,,
26.6,,1,1,,,1,,,,,,,,,,,,,,,,,
26.8,,1,1,,,,,,,,,,,,,,,,,,,,
27,,1,1,,,,,,,,,,,,,,,,,,,,
27.2,,1,1,,,,,,,,,,,,,,,,,,,,
27.4,,1,1,,,,,,,,,,,,,,,,,,,,
27.6,,1,1,,,,,,,,,,,,,,,,,,,,
27.8,,1,1,,,,,,,,,,,,,,,,,,,,
28,,1,1,,,,,,,,,,,,,,,,,,,,
28.2,,1,1,,,,,,,,,,,,,,,,,,,,
28.4,,1,1,,,,,,,,,,,,,,,,,,,,
28.6,,1,1,,,,,,,,,,,,,,,,,,,,
28.8,,1,1,,,,,,,,,,,,,,,,,,,,
29,,1,1,,,,,,,,,,,,,,,,,,,,
29.2,,1,1,,,,,,,,,,,,,,,,,,,,
29.4,,1,1,,,,,,,,,,,,,,,,,,,,
29.6,,1,1,,,,,,,,,,,,,,,,,,,,
29.8,,1,1,,,,,,,,,,,,,,,,,,,,
30,,1,1,,,,,,,,,,,,,,,,,,,,
30.2,,1,1,,,,,,,,,,,,,,,,,,,,
30.4,,1,1,,,,,,,,,,,,,,,,,,,,
30.6,,1,1,,,,,,,,,,,,,,,,,,,,
30.8,,1,1,,,,,,,,,,,,,,,,,,,,
31,,1,1,,,,,,,,,,,,,,,,,,,,
31.2,,1,1,,,,,,,,,,,,,,,,,,,,
31.4,,1,1,,,,,,,,,,,,,,,,,,,,
31.6,,1,1,,,,,,,,,,,,,,,,,,,,
31.8,,1,1,,,,,,,,,,,,,,,,,,,,
32,,1,1,,,,,,,,,,,,,,,,,,,,
32.2,,1,1,,,,,,,,,,,,,,,,,,,,
32.4,,1,1,,,,,,,,,,,,,,,,,,,,
32.6,,1,1,,,,,,,,,,,,,,,,,,,,
32.8,,1,1,,,,,,,,,,,,,,,,,,,,
33,,1,1,,,,,,,,,,,,,,,,,,,,
33.2,,1,1,,,,,,,,,,,,,,,,,,,,
33.4,,1,1,,,,,,,,,,,,,,,,,,,,
33.6,,1,1,,,,,,,,,,,,,,,,,,,,
33.8,,1,1,,,,,,,,,,,,,,,,,,,,
34,,1,1,,,,,,,,,,,,,,,,,,,,
34.2,,1,1,,,,,,,,,,,,,,,,,,,,
34.4,,1,1,,,,,,,,,,,,,,,,,,,,
34.6,,1,1,,,,,,,,,,,,,,,,,,,,
34.8,,1,1,,,,,,,,,,,,,,,,,,,,
35,,1,1,,,,,,,,,,,,,,,,,,,,
35.2,,1,1,,,,,,,,,,,,,,,,,,,,
35.4,,1,1,,,,,,,,,,,,,,,,,,,,
35.6,,1,1,,,,,,,,,,,,,,,,,,,,
35.8,,1,1,,,,,,,,,,,,,,,,,,,,
36,,1,1,,,,,,,,,,,,,,,,,,,,
36.2,,1,1,,,,,,,,,,,,,,,,,,,,
36.4,,1,1,,,,,,,,,,,,,,,,,,,,
36.6,,1,1,,,,,,,,,,,,,,,,,,,,
36.8,,1,1,,,,,,,,,,,,,,,,,,,,
37,,1,1,,,,,,,,,,,,,,,,,,,,
37.2,,1,1,,,,,,,,,,,,,,,,,,,,
37.4,,1,1,,,,,,,,,,,,,,,,,,,,
37.6,,1,1,,,,,,,,,,,,,,,,,,,,
37.8,,1,1,,,,,,,,,,,,,,,,,,,,
38,,1,1,,,,,,,,,,,,,,,,,,,,
38.2,,1,1,,,,,,,,,,,,,,,,,,,,
38.4,,1,1,,,,,,,,,,,,,,,,,,,,
38.6,,1,1,,,,,,,,,,,,,,,,,,,,
38.8,,1,1,,,,,,,,,,,,,,,,,,,,
39,,1,1,,,,,,,,,,,,,,,,,,,,
39.2,,1,1,,,,,,,,,,,,,,,,,,,,
39.4,,1,1,,,,,,,,,,,,,,,,,,,,
39.6,,1,1,,,,,,,,,,,,,,,,,,,,
39.8,,1,1,,,,,,,,,1,,,,,,,,,,,
40,,1,1,,,,,,,,,,,,,,,,,,,,
40.2,,1,1,,,,,,,,,,,,,,,,,1,,,
40.4,,1,1,,,,,,,,,,,,,,,,,,,,
40.6,,1,1,,,,,,,,,,,,,,,,,,,,
40.8,,1,1,,,,,,,,,,,,,,,,,,,,
41,,1,1,,,,,,,,,,,,,,,,,,,,
41.2,,1,1,,,,,,,,,,,,,,,,,,,,
41.4,,1,1,,,,,,,,,,,,,,,,,,,,
41.6,,1,1,,,,,,,,,,,,,,,,,,,,
41.8,,1,1,,,,,,,,,,,,,,,,,,,,
42,,1,1,,,,,,,,,,,,,,,,,,,,
42.2,,1,1,,,,,,,,,,,,,,,,,,,,
42.4,,1,1,,,,,,,,,,,,,,,,,,,,
42.6,,1,1,,,,,,,,,,,,,,,,,,,,
42.8,,1,1,,,,,,,,,,,,,,,,,,,,
43,,1,1,,,,,,,,,,,,,,,,,,,,
43.2,,1,1,,,,,,,,,,,,,,,,,,,,
43.4,,1,1,,,,,,,,,,,,,,,,,,,,
43.6,,1,1,,,,,,,,,,,,,,,,,,,,
43.8,,1,1,,,,,,,,,,,,,,,,,,,,
44,,1,1,,,,,,,,,,,,,,,,,,,,
44.2,,1,1,,,,,,,,,,,,,,,,,,,,
44.4,,1,1,,,,,,,,,,,,,,,,,,,,
44.6,,1,1,,,,,,,,,,,,,,,,,,,,
44.8,,1,1,,,,,,,,,,,,,,,,,,,,
45,,1,1,,,,,,,,,,,,,,,,,,,,
45.2,,1,1,,,,,,,,,,,,,,,,,,,,
45.4,,1,1,,,,,,,,,,,,,,,,,,,,
45.6,,1,1,,,,,,,,,,,,,,,,,,,,
45.8,,1,1,,,,,,,,,,,,,,,,,,,,
46,,1,1,,,,,,,,,,,,,,,,,,,,
46.2,,1,1,,,,,,,,,,,,,,,,,,,,
46.4,,1,1,,,,,,,,,,,,,,,,,,,,
46.6,,1,1,,,,,,,,,,,,,,,,,,,,
46.8,,1,1,,,,,,,,,,,,,,,,,,,,
47,,1,1,,,,,,,,,,,,,,,,,,,,
47.2,,1,1,,,,,,,,,,,,,,,,,,,,
47.4,,1,1,,,,,,,,,,,,,,,,,,,,
47.6,,1,1,,,,,,,,,,,,,,,,,,,,
47.8,,1,1,,,,,,,,,,,,,,,,,,,,
48,,1,1,,,,,,,,,,,,,,,,,,,,
48.2,,1,1,,,,,,,,,,,,,,,,,,,,
48.4,,1,1,,,,,,,,,,,,,,,,,,,,
48.6,,1,1,,,,,,,,,,,,,,,,,,,,
48.8,,1,1,,,,,,,,,,,,,,,,,,,,
49,,1,1,,,,,,,,,,,,,,,,,,,,
49.2,,1,1,,,,,,,,,,,,,,,,,,,,
49.4,,1,1,,,,,,,,,,,,,,,,,,,,
49.6,,1,1,,,,,,,,,,,,,,,,,,,,
49.8,,1,1,,,,,,,,,,,,,,,,,,,,
50,,1,1,,,,,,,,,,,,,,,,,,,,
50.2,,1,1,,,,,,,,,,,,,,,,,,,,
50.4,,1,1,,,,,,,,,,,,,,,,,,,,
50.6,,1,1,,,,,,,,,,,,,,,,,,,,
50.8,,1,1,,,,,,,,,,,,,,,,,,,,
51,,1,1,,,,,,,,,,,,,,,,,,,,
51.2,,1,1,,,,,,,,,,,,,,,,,,,,
51.4,,1,1,,,,,,,,,,,,,,,,,,,,
51.6,,1,1,,,,,,,,,,,,,,,,,,,,
51.8,,,1,,,,,,,,,,,,,,,,,,,,
52,,,1,,,,,,,,,,,,,,,,,,,,
52.2,,,1,,,,,,,,,,,,,,,,,,,,
52.4,,,1,,,,,,,,,,,,,,,,,,,,
52.6,,,1,,,,,,,,,,,,,,,,,,,,
52.8,,,1,,,,,,,,,,,,,,,,,,,,
53,,,1,,,,,,,,,,,,,,,,,,,,
53.2,,,1,,,,,,,,,,,,,,,,,,,,
53.4,,,1,,,,,,,,,,1,,,,,,,,,,
53.6,,,1,,,,,,,,,,,,,,,,,,,,
53.8,,,1,,,,,,,,,,,,,,,,,,,,
54,,,1,,,,,,,,,,,,,,,,,,,,
54.2,,,1,,,,,,,,,,,,,,,,,,,,
54.4,,,1,,,,,,,,,,,,,,,,,,,,
54.6,,,1,,,,,,,,,,,,,,,,,,,,
54.8,,,1,,,,,,,,,,,,,,,,,,,,
55,,,1,,,,,,,,,,,,,,,,,,,,
55.2,,,1,,,,,,,,,,,,,,,,,,,,
55.4,,,1,,,,,,,,,,,,,,,,,,,,
55.6,,,1,,,,,,,,,,,,,,,,,,,,
55.8,,,1,,,,,,,,,,,,,,,,,,,,
56,,,1,,,,,,,,,,,,,,,,,,,,
56.2,,,1,,,,,,,,,,,,,,,,,,,,
56.4,,,1,,,,,,,,,,,,,,,,,,,,
56.6,,,1,,,,,,,,,,,,,,,,,,,,
56.8,,,1,,,,,,,,,,,,,,,,,,,,
57,,,1,,,,,,,,,,,,,,,,,,,,
57.2,,,1,,,,,,,,,,,1,,,,,,,,,
57.4,,,1,,1,,,,,,,,,,,,,,,,,,
57.6,,,1,,,,,,,,,,,,,,,,,,,,
57.8,,,1,,,,,,,,,,,,,,,,,,,,
58,,,1,,,,,,,,,,,,,,,,,,,,
58.2,,,1,,,,,,,,,,,,,,,,,,,,
58.4,,,1,,,,,,,,,,,,,,,,,,,,
58.6,,,1,,,,,,,,,,,,,,,,,,,,
58.8,,,1,,,,,,,,,,,,,,,,,,,,
59,,,1,,,,,,,,,,,,,,,,,,,,
59.2,,,1,,,,,,,,,,,,,,,,,,,,
59.4,,,1,,,,,,,,,,,,,,,,,,,,
59.6,,,1,,,,,,,,,,,,,,,,,,,,
59.8,,,1,,,,,,,,,,,,,,,,,,,,
60,,,1,,,,,,,,,,,,,,,,,,,,
60.2,,,1,,,,,,,,,,,,,,,,,,,,
60.4,,,1,,,,,,,,,,,,,,,,,,,,
60.6,,,1,,,,,,,,,,,,,,,,,,,,
60.8,,,1,,,,,,,,,,,,,,,,,,,,
61,,,1,,,,,,,,,,,,,,,,,,,,
61.2,,,1,,,,,,,,,,,,,,,,,,,,
61.4,,,1,,,,,,,,,,,,,,,,,,,,
61.6,,,1,,,,,,,,,,,,,,,,,,,,
61.8,,,1,,,,,,,,,,,,,,,,,,,,
62,,,1,,,,1,,,,,,,,,,,,,,,,
62.2,,,1,,,,,,,,,,,,,,,,,,,,
62.4,,,1,,,,,,,,,,,,,,,,,,,,
62.6,,,1,,,,,,,,,,,,,,,,,,,,
62.8,,,1,,,,,,,,,,,,,,,,,,,,
63,,,1,,,,,,,,,,,,,,,,,,,,
63.2,,,1,,,,,,,,,,,,,,,,,,,,
63.4,,,1,,,,,,,,,,,,,,,,,,,,
63.6,,,1,,,,,,,,,,,,,,,,,,,,
63.8,,,1,,,,,,,,,,,,,,,,,,,,
64,,,1,,,,,,,,,,,,,,,,,,,,
64.2,,,1,,,,,,,,,,,,,,,,,,,,
64.4,,,1,,,,,,,,,,,,,,,,,,,,
64.6,,,1,,,,,,,,,,,,,,,,,,,,
64.8,,,1,,,,,,,,,,,,,,,,,,,,
65,,,1,,,,,,,,,,,,,,,,,,,,
65.2,,,1,,,,,,,,,,,,,,,,,,,,
65.4,,,1,,,,,,,,,,,,,,,,,,,,
65.6,,,1,,,,,,,,,,,,,,,,,,,,
65.8,,,1,,,,,,,,,,,,,,,,,,,,
66,,,1,,,,,,,,,,,,,,,,,,,,
66.2,,,1,,,,,,,,,,,,,,,,,,,,
66.4,,,1,,,,,,,,,,,,,,,,,,,,
66.6,,,1,,,,,,,,,,,,,,,,,,,,
66.8,,,1,,,,,,,,,,,,,,,,,,,,
67,,,1,,,,,,,,,,,,,,,,,,,,
67.2,,,1,,,,,,,,,,,,,,,,,,,,
67.4,,,1,,,,,,,,,,,,,,,,,,,,
67.6,,,1,,,,,,,,,,,,,,,,,,,,
67.8,,,1,,,,,,,,,,,,,,,,,,,,
68,,,1,,,,,,,,,,,,,,,,,,,,
68.2,,,1,,,,,,,,,,,,,,,,,,,,
68.4,,,1,,,,,,1,,,,,,,,,,,,,,
68.6,,,1,,,,,,,,,,,,,,,,,,,,
68.8,,,1,,,,,,,,,,,,,,,,,,,,
69,,,1,,,,,,,,,,,,,,,,,,,,
69.2,,,1,,,,,,,,,,,,,,,,,,,,
69.4,,,1,,,,,,,,,,,,,,,,,,,,
69.6,,,1,,,,,,,,,,,,,,,,,,,,
69.8,,,1,,,,,,,,,,,,,,,,,,,,
70,,,1,,,,,,,,,,,,,,,,,,,,
70.2,,,1,,,,,,,,,,,,,,,,,,,,
70.4,,,1,,,,,,,,,,,,,,,,,,,,
70.6,,,1,,,,,,,,,,,,,,,,,,,,
70.8,,,1,,,,,,,,,,,,,,,,,,,,
71,,,1,,,,,,,,,,,,,,,,,,,,
71.2,,,1,,,,,,,,,,,,,,,,,,,,
71.4,,,1,,,,,,,,,,,,,,,,,,,,
71.6,,,1,,,,,,,,,,,,,,,,,,,,
71.8,,,1,,,,,,,,,,,,,,,,,,,,
72,,,1,,,,,,,,,,,,,,,,,,,,
72.2,,,1,,,,,,,,,,,,,,,,,,,,
72.4,,,1,,,,,,,,,,,,,,,,,,,,
72.6,,,1,,,,,,,,,,,,,,,,,,,,
72.8,,,1,,,,,,,,,,,,,,,,,,,,
73,,,1,,,,,,,,,,,,,,,,,,,,
73.2,,,1,,,,,,,,,,,,,,,,,,,,
73.4,,,1,,,,,,,,,,,,,,,,,,,,
73.6,,,1,,,,,,,,,,,,,,,,,,,,
73.8,,,1,,,,,,,,,,,,,,,,,,,,
74,,,1,,,,,,,,,,,,,,,,,,,,
74.2,,,1,,,,,,,,,,,,,,,,,,,,
74.4,,,1,,,,,,,,,,,,,,,,,,,,
74.6,,,1,,,,,,,,,,,,,,,,,,,,
74.8,,,1,,,,,,,,,,,,,,,,,,,,
75,,,1,,,,,,,,,,,,,,,,,,,,
75.2,,,1,,,,,,,,,,,,,,,,,,,,
75.4,,,1,,,,,,,,,,,,,,,,,,,,
75.6,,,1,,,,,,,,,,,,,,,,,,,,
75.8,,,1,,,,,,,,,,,,,,,,,,,,
76,,,1,,,,,,,,,,,,,,,,,,,,
76.2,,,1,,,,,,,,,,,,,,,,,,,,
76.4,,,1,,,,,,,,,,,,,,,,,,,,
76.6,,,1,,,,,,,,,,,,,,,,,,1,,
76.8,,,1,,,,,,,,,,,,,,,,,,,,
77,,,1,,,,,,,,,,,,,,,,,,,,
77.2,,,1,,,,,,,,,,,,,,,,,,,,
77.4,,,1,,,,,,,,,,,,,,,,,,,,
77.6,,,1,,,,,,,,,,,,,,,,,,,,
77.8,,,1,,,,,,,,,,,,,,,,,,,,
78,,,1,,,,,,,,,,,,,,,,,,,,
78.2,,,1,,,,,,,,,,,,,,,,,,,,
78.4,,,1,,,,,,,,,,,,,,,,,,,,
78.6,,,1,,,,,,,,,,,,,,,,,,,,
78.8,,,1,,,,,,,,,,,,,,,,,,,,
79,,,1,,,,,,,,,,,,,,,,,,,,
79.2,,,1,,,,,,,,,,,,,,,,,,,,
79.4,,,1,,,,,,,,,,,,,,,,,,,,
79.6,,,1,,,,,,,,,,,,,,,,,,,,
79.8,,,1,,,,,,,,,,,,,,,,,,,,
80,,,1,,,,,,,,,,,,,,,,,,,,
80.2,,,1,,,,,,,,,,,,,,,,,,,,
80.4,,,1,,,,,,,,,,,,,,,,,,,,
80.6,,,1,,,,,,,,,,,,,,,,,,,,
80.8,,,1,,,,,,,,,,,,,,,,,,,,
81,,,1,,,,,,,,,,,,,,,,,,,,
81.2,,,1,,,,,,,,,,,,,,,,,,,,
81.4,,,1,,,,,,,,,,,,,,,,,,,,
81.6,,,1,,,,,,,,,,,,,,,,,,,,
81.8,,,1,,,,,,,,,,,,,,,,,,,,
82,,,1,,,,,,,,,,,,,,,,,,,,
82.2,,,1,,,,,,,,,,,,,,,,,,,,
82.4,,,1,,,,,,,,,,,,,,,,,,,,
82.6,,,1,,,,,,,,,,,,,,,,,,,,
82.8,,,1,,,,,,,,,,,,,,,,,,,,
83,,,1,,,,,,,,,,,,,,,,,,,,
83.2,,,1,,,,,,,,,,,,,,,,,,,,
83.4,,,1,,,,,,,,,,,,,,,,,,,,
83.6,,,1,,,,,,,,,,,,,,,,,,,,
83.8,,,1,,,,,,,,,,,,,,,,,,,,
84,,,1,,,,,,,,,,,,,,,,,,,,
84.2,,,1,,,,,,,,,,,,,,,,,,,,
84.4,,,1,,,,,,,,,,,,,,,,,,,,
84.6,,,1,,,,,,,,,,,,,,,,,,,,
84.8,,,1,,,,,,,,,,,,,,,,,,,,
85,,,1,,,,,,,,,,,,,,,,,,,,
85.2,,,1,,,,,,,,,,,,,,,,,,,,
85.4,,,1,,,,,,,,,,,,,,,,,,,,
85.6,,,1,,,,,,,,,,,,,,,,,,,,
85.8,,,1,,,,,,,,,,,,,,,,,,,,
86,,,1,,,,,,,,,,,,,,,,,,,1,
86.2,,,1,,,,,,,,,,,,,,,,,,,,
86.4,,,1,,,,,,,,,,,,,,,,,,,,
86.6,,,1,,,,,,,,,,,,,,,,,,,,
86.8,,,1,,,,,,,,,,,,,,,,,,,,
87,,,1,,,,,,,,,,,,,,,,,,,,
87.2,,,1,,,,,,,,,,,,,,,,,,,,
87.4,,,1,,,,,,,,,,,,,,,,,,,,
87.6,,,1,,,,,,,,,,,,,,,,,,,,
87.8,,,1,,,,,,,,,,,,,,,,,,,,
88,,,1,,,,,,,,,,,,,,,,,,,,
88.2,,,1,,,,,,,,,,,,,,,,,,,,
88.4,,,1,,,,,,,,,,,,,,,,,,,,
88.6,,,1,,,,,,,,,,,,,,,,,,,,
88.8,,,1,,,,,,,,,,,,,,,,,,,,
89,,,1,,,,,,,,,,,,,,,,,,,,
89.2,,,1,,,,,,,,,,,,,,,,,,,,
89.4,,,1,,,,,,,,,,,,,,,,,,,,
89.6,,,1,,,,,,,,,,,,,,,,,,,,
89.8,,,1,,,,,,,,,,,,,,,,,,,,
90,,,1,,,,,,,,,,,,,,,,,,,,
90.2,,,1,,,,,,,,,,,,,,,,,,,,
90.4,,,1,,,,,,,,,,,,,,,,,,,,
90.6,,,1,,,,,,,,,,,,,,1,,,,,,
90.8,,,1,,,,,,,,,,,,,,,,,,,,
91,,,1,,,,,,,,,,,,,,,,,,,,
91.2,,,1,,,,,,,,,,,,,,,,,,,,
91.4,,,1,,,,,,,,,,,,,,,,,,,,
91.6,,,1,,,,,,,,,,,,,,,,,,,,
91.8,,,1,,,,,,,,,,,,,,,,,,,,
92,,,1,,,,,,,,,,,,,,,,,,,,
92.2,,,1,,,,,,,,,,,,,,,,,,,,
92.4,,,1,,,,,,,,,,,,,,,,,,,,
92.6,,,1,,,,,,,,,,,,,,,,,,,,
92.8,,,1,,,,,,,,,,,,,,,,,,,,
93,,,1,,,,,,,,,,,,,,,,,,,,
93.2,,,1,,,,,,,,,,,,,,,,,,,,
93.4,,,1,,,,,,,,,,,,,,,,,,,,
93.6,,,1,,,,,,,,,,,,,,,,,,,,
93.8,,,1,,,,,,,,,,,,,,,,,,,,
94,,,1,,,,,,,,,,,,,,,,,,,,
94.2,,,1,,,,,,,,,,,,,,,,,,,,
94.4,,,1,,,,,,,,,,,,,,,,,,,,
94.6,,,1,,,,,,,,,,,,,,,,,,,,
94.8,,,1,,,,,,,,,,,,,,,,,,,,
95,,,1,,,,,,,,,,,,,,,,,,,,
95.2,,,1,,,,,,,,,,,,,,,,,,,,
95.4,,,1,,,,,,,,,,,,,,,,,,,,
95.6,,,1,,,,,,,,,,,,,,,,,,,,
95.8,,,1,,,,,,,,,,,,,,,,,,,,
96,,,1,,,,,,,,,,,,,,,,,,,,
96.2,,,1,,,,,,,,,,,,,,,,,,,,
96.4,,,1,,,,,,,,,,,,,,,,,,,,
96.6,,,1,,,,,,,,,,,,,,,,,,,,
96.8,,,1,,,,,,,,,,,,,,,,,,,,
97,,,1,,,,,,,,,,,,,,,,,,,,
97.2,,,1,,,,,,,,,,,,,,,,,,,,
97.4,,,1,,,,,,,,,,,,,,,,,,,,
97.6,,,1,,,,,,,,,,,,,,,,,,,,
97.8,,,1,,,,,,,,,,,,,,,,,,,,
98,,,1,,,,,,,,,,,,,,,,,,,,
98.2,,,1,,,,,,,,,,,,,,,,,,,,
98.4,,,1,,,,,,,,,,,,,,,,,,,,
98.6,,,1,,,,,,,,,,,,,,,,,,,,
98.8,,,1,,,,,,,,,,,,,,,,,,,,
99,,,1,,,,,,,,,,,,,,,,,,,,
99.2,,,1,,,,,,,,,,,,,,,,,,,,
99.4,,,1,,,,,,,,,,,,,,,,,,,,
99.6,,,1,,,,,,,,,,,,,,,,,,,,
99.8,,,1,,,,,,,,,,,,,,,,,,,,
100,,,1,,,,,,,,,,,,,,,,,,,,
100.2,,,1,,,,,,,,,,,,,,,,,,,,
100.4,,,1,,,,,,,,,,,,,,,,,,,,
100.6,,,1,,,,,,,,,,,,,,,,,,,,
100.8,,,1,,,,,,,,,,,,,,,,,,,,
101,,,1,,,,,,,,,,,,,,,,,,,,
101.2,,,1,,,,,,,,,,,,,,,,,,,,
101.4,,,1,,,,,,,,,,,,,,,,,,,,
101.6,,,1,,,,,,,,,,,,,,,,,,,,
101.8,,,1,,,,,,,,,,,,,,,,,,,,
102,,,1,,,,,,,,,,,,,,,,,,,,
102.2,,,1,,,,,,,,,,,,,,,,,,,,
102.4,,,1,,,,,,,,,,,,,,,,,,,,
102.6,,,1,,,,,,,,,,,,,,,,,,,,
102.8,,,1,,,,,,,,,,,,,,,,,,,,
103,,,1,,,,,,,,,,,,,,,,,,,,
103.2,,,1,,,,,,,,,,,,,,,,,,,,
103.4,,,1,,,,,,,,,,,,,,,,,,,,
103.6,,,1,,,,,,,,,,,,,,,,,,,,
103.8,,,1,,,,,,,,,,,,,,,,,,,,
104,,,1,,,,,,,,,,,,,,,,,,,,
104.2,,,1,,,,,,,,,,,,,,,,,,,,
104.4,,,1,,,,,,,,,,,,,,,,,,,,
104.6,,,1,,,,,,,,,,,,,,,,,,,,
104.8,,,1,,,,,,,,,,,,,,,,,,,,
105,,,1,,,,,,,,,,,,,,,,,,,,
105.2,,,1,,,,,,,,,,,,,,,,,,,,
105.4,,,1,,,,,,,,,,,,,,,,,,,,
105.6,,,1,,,,,,,,,,,,,,,,,,,,
105.8,,,1,,,,,,,,,,,,,,,,,,,,
106,,,1,,,,,,,,,,,,,,,,,,,,
106.2,,,1,,,,,,,,,,,,,,,,,,,,
106.4,,,1,,,,,,,,,,,,,,,,,,,,
106.6,,,1,,,,,,,,,,,,,,,,,,,,
106.8,,,1,,,,,,,,,,,,,,,,,,,,
107,,,1,,,,,,,,,,,,,,,,,,,,
107.2,,,1,,,,,,,,,,,,,,,,,,,,
107.4,,,1,,,,,,,,,,,,,,,,,,,,
107.6,,,1,,,,,,,,,,,,,,,,,,,,
107.8,,,1,,,,,,,,,,,,,,,,,,,,
108,,,1,,,,,,,,,,,,,,,,,,,,
108.2,,,1,,,,,,,,,,,,,,,,,,,,
108.4,,,1,,,,,,,,,,,,,,,,,,,,
108.6,,,1,,,,,,,,,,,,,,,,,,,,
108.8,,,1,,,,,,,,,,,,,,,,,,,,
109,,,1,,,,,,,,,,,,,,,,,,,,
109.2,,,1,,,,,,,,,,,,,,,,,,,,
109.4,,,1,,,,,,,,,,,,,,,,,,,,
109.6,,,1,,,,,,,,,,,,,,,,,,,,
109.8,,,1,,,,,,,,,,,,,,,,,,,,
110,,,1,,,,,,,,,,,,,,,,,,,,
110.2,,,1,,,,,,,,,,,,,,,,,,,,
110.4,,,1,,,,,,,,,,,,,,,,,,,,
110.6,,,1,,,,,,,,,,,,,,,,,,,,
110.8,,,1,,,,,,,,,,,,,,,,,,,,
111,,,1,,,,,,,,,,,,,,,,,,,,
111.2,,,1,,,,,,,,,,,,,,,,,,,,
111.4,,,1,,,,,,,,,,,,,,,,,,,,
111.6,,,1,,,,,,,,,,,,,,,,,,,,
111.8,,,1,,,,,,,,,,,,,,,,,,,,
112,,,1,,,,,,,,,,,,,,,,,,,,
112.2,,,1,,,,,,,,,,,,,,,,,,,,
112.4,,,1,,,,,,,,,,,,,,,,,,,,
112.6,,,1,,,,,,,,,,,,,,,,,,,,
112.8,,,1,,,,,,,,,,,,,,,,,,,,
113,,,1,,,,,,,,,,,,,,,,,,,,
113.2,,,1,,,,,,,,,,,,,,,,,,,,
113.4,,,1,,,,,,,,,,,,,,,,,,,,
113.6,,,1,,,,,,,,,,,,,,,,,,,,
113.8,,,1,,,,,,,,,,,,,,,,,,,,
114,,,1,,,,,,,,,,,,,,,,,,,,
114.2,,,1,,,,,,,,,,,,,,,,,,,,
114.4,,,1,,,,,,,,,,,,,,,,,,,,
114.6,,,1,,,,,,,,,,,,,,,,,,,,
114.8,,,1,,,,,,,,,,,,,,,,,,,,
115,,,1,,,,,,,,,,,,,,,,,,,,
115.2,,,1,,,,,,,,,,,,,,,,,,,,
115.4,,,1,,,,,,,,,,,,,,,,,,,,
115.6,,,1,,,,,,,,,,,,,,,,,,,,
115.8,,,1,,,,,,,,,,,,,,,,,,,,
116,,,1,,,,,,,,,,,,,,,,,,,,
116.2,,,1,,,,,,,,,,,,,,,,,,,,
116.4,,,1,,,,,,,,,,,,,,,,,,,,
116.6,,,1,,,,,,,,,,,,,,,,,,,,
116.8,,,1,,,,,,,,,,,,,,,,,,,,
117,,,1,,,,,,,,,,,,,,,,,,,,
117.2,,,1,,,,,,,,,,,,,,,,,,,,
117.4,,,1,,,,,,,,,,,,,,,,,,,,
117.6,,,1,,,,,,,,,,,,,,,,,,,,
117.8,,,1,,,,,,,,,,,,,,,,,,,,
118,,,1,,,,,,,,,,,,,,,,,,,,
118.2,,,1,,,,,,,,,,,,,,,,,,,,
118.4,,,1,,,,,,,,,,,,,,,,,,,,
118.6,,,1,,,,,,,,,,,,,,,,,,,,
118.8,,,1,,,,,,,,,,,,,,,,,,,,
119,,,1,,,,,,,,,,,,,,,,,,,,
119.2,,,1,,,,,,,,,,,,,,,,,,,,
119.4,,,1,,,,,,,,,,,,,,,,,,,,
119.6,,,1,,,,,,,,,,,,,,,,,,,,
119.8,,,1,,,,,,,,,,,,,,,,,,,,
120,,,1,,,,,,,,,,,,,,,,,,,,
120.2,,,1,,,,,,,,,,,,,,,,,,,,
120.4,,,1,,,,,,,,,,,,,,,,,,,,
120.6,,,1,,,,,,,,,,,,,,,,,,,,
120.8,,,1,,,,,,,,,,,,,,,,,,,,
121,,,1,,,,,,,,,,,,,,,,,,,,
121.2,,,1,,,,,,,,,,,,,,,,,,,,
121.4,,,1,,,,,,,,,,,,,,,,,,,,
121.6,,,1,,,,,,,,,,,,,,,,,,,,
121.8,,,1,,,,,,,,,,,,,,,,,,,,
122,,,1,,,,,,,,,,,,,,,,,,,,
122.2,,,1,,,,,,,,,,,,,,,,,,,,
122.4,,,1,,,,,,,,,,,,,,,,,,,,
122.6,,,1,,,,,,,,,,,,,,,,,,,,
122.8,,,1,,,,,,,,,,,,,,,,,,,,
123,,,1,,,,,,,,,,,,,,,,,,,,
123.2,,,1,,,,,,,,,,,,,,,,,,,,
123.4,,,1,,,,,,,,,,,,,,,,,,,,
123.6,,,1,,,,,,,,,,,,,,,,,,,,
123.8,,,1,,,,,,,,,,,,,,,,,,,,
124,,,1,,,,,,,,,,,,,,,,,,,,
124.2,,,1,,,,,,,,,,,,,,,,,,,,
124.4,,,1,,,,,,,,,,,,,,,,,,,,
124.6,,,1,,,,,,,,,,,,,,,,,,,,
124.8,,,1,,,,,,,,,,,,,,,,,,,,
125,,,1,,,,,,,,,,,,,,,,,,,,
125.2,,,1,,,,,,,,,,,,,,,,,,,,
125.4,,,1,,,,,,,,,,,,,,,,,,,,
125.6,,,1,,,,,,,,,,,,,,,,,,,,
125.8,,,1,,,,,,,,,,,,,,,,,,,,
126,,,1,,,,,,,,,,,,,,,,,,,,
126.2,,,1,,,,,,,,,,,,,,,,,,,,
126.4,,,1,,,,,,,,,,,,,,,,,,,,
126.6,,,1,,,,,,,,,,,,,,,,,,,,
126.8,,,1,,,,,,,,,,,,,,,,,,,,
127,,,1,,,,,,,,,,,,,,,,,,,,
127.2,,,1,,,,,,,,,,,,,,,,,,,,
127.4,,,1,,,,,,,,,,,,,,,,,,,,
127.6,,,1,,,,,,,,,,,,,,,,,,,,
127.8,,,1,,,,,,,,,,,,,,,,,,,,
128,,,1,,,,,,,,,,,,,,,,,,,,
128.2,,,1,,,,,,,,,,,,,,,,,,,,
128.4,,,1,,,,,,,,,,,,,,,,,,,,
128.6,,,1,,,,,,,,,,,,,,,,,,,,
128.8,,,1,,,,,,,,,,,,,,,,,,,,
129,,,1,,,,,,,,,,,,,,,,,,,,
129.2,,,1,,,,,,,,,,,,,,,,,,,,
129.4,,,1,,,,,,,,,,,,,,,,,,,,
129.6,,,1,,,,,,,,,,,,,,,,,,,,
129.8,,,1,,,,,,,,,,,,,,,,,,,,
130,,,1,,,,,,,,,,,,,,,,,,,,
130.2,,,1,,,,,,,,,,,,,,,,,,,,
130.4,,,1,,,,,,,,,,,,,,,,,,,,
130.6,,,1,,,,,,,,,,,,,,,,,,,,
130.8,,,1,,,,,,,,,,,,,,,,,,,,
131,,,1,,,,,,,,,,,,,,,,,,,,
131.2,,,1,,,,,,,,,,,,,,,,,,,,
131.4,,,1,,,,,,,,,,,,,,,,,,,,
131.6,,,1,,,,,,,,,,,,,,,,,,,,
131.8,,,1,,,,,,,,,,,,,,,,,,,,
132,,,1,,,,,,,,,,,,,,,,,,,,
132.2,,,1,,,,,,,,,,,,,,,,,,,,
132.4,,,1,,,,,,,,,,,,,,,,,,,,
132.6,,,1,,,,,,,,,,,,,,,,,,,,
132.8,,,1,,,,,,,,,,,,,,,,,,,,
133,,,1,,,,,,,,,,,,,,,,,,,,
133.2,,,1,,,,,,,,,,,,,,,,,,,,
133.4,,,1,,,,,,,,,,,,,,,,,,,,
133.6,,,1,,,,,,,,,,,,,,,,,,,,
133.8,,,1,,,,,,,,,,,,,,,,,,,,
134,,,1,,,,,,,,,,,,,,,,,,,,
134.2,,,1,,,,,,,,,,,,,,,,,,,,
134.4,,,1,,,,,,,,,,,,,,,,,,,,
134.6,,,1,,,,,,,,,,,,,,,,,,,,
134.8,,,1,,,,,,,,,,,,,,,,,,,,
135,,,1,,,,,,,,,,,,,,,,,,,,
135.2,,,1,,,,,,,,,,,,,,,,,,,,
135.4,,,1,,,,,,,,,,,,,,,,,,,,
135.6,,,1,,,,,,,,,,,,,,,,,,,,
135.8,,,1,,,,,,,,,,,,,,,,,,,,
136,,,1,,,,,,,,,,,,,,,,,,,,
136.2,,,1,,,,,,,,,,,,,,,,,,,,
136.4,,,1,,,,,,,,,,,,,,,,,,,,
136.6,,,1,,,,,,,,,,,,,,,,,,,,
136.8,,,1,,,,,,,,,,,,,,,,,,,,
137,,,1,,,,,,,,,,,,,,,,,,,,
137.2,,,1,,,,,,,,,,,,,,,,,,,,
137.4,,,1,,,,,,,,,,,,,,,,,,,,
137.6,,,1,,,,,,,,,,,,,,,,,,,,
137.8,,,1,,,,,,,,,,,,,,,,,,,,
138,,,1,,,,,,,,,,,,,,,,,,,,
138.2,,,1,,,,,,,,,,,,,,,,,,,,
138.4,,,1,,,,,,,,,,,,,,,,,,,,
138.6,,,1,,,,,,,,,,,,,,,,,,,,
138.8,,,1,,,,,,,,,,,,,,,,,,,,
139,,,1,,,,,,,,,,,,,,,,,,,,
139.2,,,1,,,,,,,,,,,,,,,,,,,,
139.4,,,1,,,,,,,,,,,,,,,,,,,,
139.6,,,1,,,,,,,,,,,,,,,,,,,,
139.8,,,1,,,,,,,,,,,,,,,,,,,,
140,,,1,,,,,,,,,,,,,,,,,,,,
140.2,,,1,,,,,,,,,,,,,,,,,,,,
140.4,,,1,,,,,,,,,,,,,,,,,,,,
140.6,,,1,,,,,,,,,,,,,,,,,,,,
140.8,,,1,,,,,,,,,,,,,,,,,,,,
141,,,1,,,,,,,,,,,,,,,,,,,,
141.2,,,1,,,,,,,,,,,,,,,,,,,,
141.4,,,1,,,,,,,,,,,,,,,,,,,,
141.6,,,1,,,,,,,,,,,,,,,,,,,,
141.8,,,1,,,,,,,,,,,,,,,,,,,,
142,,,1,,,,,,,,,,,,,,,,,,,,
142.2,,,1,,,,,,,,,,,,,,,,,,,,
142.4,,,1,,,,,,,,,,,,,,,,,,,,
142.6,,,1,,,,,,,,,,,,,,,,,,,,
142.8,,,1,,,,,,,,,,,,,,,,,,,,
143,,,1,,,,,,,,,,,,,,,,,,,,
143.2,,,1,,,,,,,,,,,,,,,,,,,,
143.4,,,1,,,,,,,,,,,,,,,,,,,,
143.6,,,1,,,,,,,,,,,,,,,,,,,,
143.8,,,1,,,,,,,,,,,,,,,,,,,,
144,,,1,,,,,,,,,,,,,,,,,,,,
144.2,,,1,,,,,,,,,,,,,,,,,,,,
144.4,,,1,,,,,,,,,,,,,,,,,,,,
144.6,,,1,,,,,,,,,,,,,,,,,,,,
144.8,,,1,,,,,,,,,,,,,,,,,,,,
145,,,1,,,,,,,,,,,,,,,,,,,,
145.2,,,1,,,,,,,,,,,,,,,,,,,,
145.4,,,1,,,,,,,,,,,,,,,,,,,,
145.6,,,1,,,,,,,,,,,,,,,,,,,,
145.8,,,1,,,,,,,,,,,,,,,,,,,,
146,,,1,,,,,,,,,,,,,,,,,,,,
146.2,,,1,,,,,,,,,,,,,,,,,,,,
146.4,,,1,,,,,,,,,,,,,,,,,,,,
146.6,,,1,,,,,,,,,,,,,,,,,,,,
146.8,,,1,,,,,,,,,,,,,,,,,,,,
147,,,1,,,,,,,,,,,,,,,,,,,,
147.2,,,1,,,,,,,,,,,,,,,,,,,,
147.4,,,1,,,,,,,,,,,,,,,,,,,,
147.6,,,1,,,,,,,,,,,,,,,,,,,,
147.8,,,1,,,,,,,,,,,,,,,,,,,,
148,,,1,,,,,,,,,,,,,,,,,,,,
148.2,,,1,,,,,,,,,,,,,,,,,,,,
148.4,,,1,,,,,,,,,,,,,,,,,,,,
148.6,,,1,,,,,,,,,,,,,,,,,,,,
148.8,,,1,,,,,,,,,,,,,,,,,,,,
149,,,1,,,,,,,,,,,,,,,,,,,,
149.2,,,1,,,,,,,,,,,,,,,,,,,,
149.4,,,1,,,,,,,,,,,,,,,,,,,,
149.6,,,1,,,,,,,,,,,,,,,,,,,,
149.8,,,1,,,,,,,,,,,,,,,,,,,,
150,,,1,,,,,,,,,,,,,,,,,,,,
150.2,,,1,,,,,,,,,,,,,,,,,,,,
150.4,,,1,,,,,,,,,,,,,,,,,,,,
150.6,,,1,,,,,,,,,,,,,,,,,,,,
150.8,,,1,,,,,,,,,,,,,,,,,,,,
151,,,1,,,,,,,,,,,,,,,,,,,,
151.2,,,1,,,,,,,,,,,,,,,,,,,,
151.4,,,1,,,,,,,,,,,,,,,,,,,,
151.6,,,1,,,,,,,,,,,,,,,,,,,,
151.8,,,1,,,,,,,,,,,,,,,,,,,,
152,,,1,,,,,,,,,,,,,,,,,,,,
152.2,,,1,,,,,,,,,,,,,,,,,,,,
152.4,,,1,,,,,,,,,,,,,,,,,,,,
152.6,,,1,,,,,,,,,,,,,,,,,,,,
152.8,,,1,,,,,,,,,,,,,,,,,,,,
153,,,1,,,,,,,,,,,,,,,,,,,,
153.2,,,1,,,,,,,,,,,,,,,,,,,,
153.4,,,1,,,,,,,,,,,,,,,,,,,,
153.6,,,1,,,,,,,,,,,,,,,,,,,,
153.8,,,1,,,,,,,,,,,,,,,,,,,,
154,,,1,,,,,,,,,,,,,,,,,,,,
154.2,,,1,,,,,,,,,,,,,,,,,,,,
154.4,,,1,,,,,,,,,,,,,,,,,,,,
154.6,,,1,,,,,,,,,,,,,,,,,,,,
154.8,,,1,,,,,,,,,,,,,,,,,,,,
155,,,1,,,,,,,,,,,,,,,,,,,,
155.2,,,1,,,,,,,,,,,,,,,,,,,,
155.4,,,1,,,,,,,,,,,,,,,,,,,,
155.6,,,1,,,,,,,,,,,,,,,,,,,,
155.8,,,1,,,,,,,,,,,,,,,,,,,,
156,,,1,,,,,,,,,,,,,,,,,,,,
156.2,,,1,,,,,,,,,,,,,,,,,,,,
156.4,,,1,,,,,,,,,,,,,,,,,,,,
156.6,,,1,,,,,,,,,,,,,,,,,,,,
156.8,,,1,,,,,,,,,,,,,,,,,,,,
157,,,1,,,,,,,,,,,,,,,,,,,,
157.2,,,1,,,,,,,,,,,,,,,,,,,,
157.4,,,1,,,,,,,,,,,,,,,,,,,,
157.6,,,1,,,,,,,,,,,,,,,,,,,,
157.8,,,1,,,,,,,,,,,,,,,,,,,,
158,,,1,,,,,,,,,,,,,,,,,,,,
158.2,,,1,,,,,,,,,,,,,,,,,,,,
158.4,,,1,,,,,,,,,,,,,,,,,,,,
158.6,,,1,,,,,,,,,,,,,,,,,,,,
158.8,,,1,,,,,,,,,,,,,,,,,,,,
159,,,1,,,,,,,,,,,,,,,,,,,,
159.2,,,1,,,,,,,,,,,,,,,,,,,,
159.4,,,1,,,,,,,,,,,,,,,,,,,,
159.6,,,1,,,,,,,,,,,,,,,,,,,,
159.8,,,1,,,,,,,,,,,,,,,,,,,,
